{"loss":{"0":2.7317504883,"1":0.7184650302,"2":0.4403872788,"3":0.3215317726,"4":0.2520996332,"5":0.1948613673,"6":0.1704202741,"7":0.1419077367,"8":0.1194544584,"9":0.109424673,"10":0.0990769342,"11":0.0863408819,"12":0.0726337358,"13":0.0809794441,"14":0.0637061149},"accuracy":{"0":0.4266275764,"1":0.8092203736,"2":0.8777503967,"3":0.9073004127,"4":0.9255939722,"5":0.9418202639,"6":0.9474272728,"7":0.9562342763,"8":0.9622660279,"9":0.9653527141,"10":0.9688358307,"11":0.972106576,"12":0.9767791033,"13":0.974853456,"14":0.9803755283},"val_loss":{"0":1.1807643175,"1":0.6552378535,"2":0.5521104336,"3":0.6408112645,"4":0.5178815722,"5":0.3620193303,"6":0.4144507945,"7":0.3606447577,"8":0.3354076445,"9":0.3026388884,"10":0.3943318129,"11":0.2705036402,"12":0.4423138201,"13":0.2539412677,"14":0.3921793401},"val_accuracy":{"0":0.684027791,"1":0.8020833135,"2":0.8333333135,"3":0.819444418,"4":0.8697916865,"5":0.9010416865,"6":0.8854166865,"7":0.8958333135,"8":0.9114583135,"9":0.9201388955,"10":0.902777791,"11":0.9270833135,"12":0.8923611045,"13":0.9427083135,"14":0.9236111045}}